{
  "sell": {
    "region": {
      "x_min_ratio": 0.38584710743801653,
      "y_min_ratio": 0.21660305343511452,
      "x_max_ratio": 0.6885330578512396,
      "y_max_ratio": 0.42366412213740456
    },
    "quantity_column": {
      "x_min_ratio": 0.1348122866894198,
      "x_max_ratio": 0.4232081911262799
    },
    "price_column": {
      "x_min_ratio": 0.4300341296928328,
      "x_max_ratio": 0.7081911262798635
    }
  },
  "buy": {
    "region": {
      "x_min_ratio": 0.38739669421487605,
      "y_min_ratio": 0.42938931297709926,
      "x_max_ratio": 0.6885330578512396,
      "y_max_ratio": 0.6402671755725191
    },
    "quantity_column": {
      "x_min_ratio": 0.13550600343053174,
      "x_max_ratio": 0.4219554030874786
    },
    "price_column": {
      "x_min_ratio": 0.4305317324185249,
      "x_max_ratio": 0.7118353344768439
    }
  }
}