{
  "sell": {
    "region": {
      "x_min_ratio": 0.3853305785123967,
      "y_min_ratio": 0.21564885496183206,
      "x_max_ratio": 0.6880165289256198,
      "y_max_ratio": 0.42366412213740456
    },
    "quantity_column": {
      "x_min_ratio": 0.1416382252559727,
      "x_max_ratio": 0.4334470989761092
    },
    "price_column": {
      "x_min_ratio": 0.43686006825938567,
      "x_max_ratio": 0.7167235494880546
    }
  },
  "buy": {
    "region": {
      "x_min_ratio": 0.38326446280991733,
      "y_min_ratio": 0.4303435114503817,
      "x_max_ratio": 0.6880165289256198,
      "y_max_ratio": 0.6440839694656488
    },
    "quantity_column": {
      "x_min_ratio": 0.13728813559322034,
      "x_max_ratio": 0.43728813559322033
    },
    "price_column": {
      "x_min_ratio": 0.4457627118644068,
      "x_max_ratio": 0.7152542372881356
    }
  }
}