{
  "sell": {
    "x_min_ratio": 0.3868801652892562,
    "y_min_ratio": 0.21755725190839695,
    "x_max_ratio": 0.6869834710743802,
    "y_max_ratio": 0.6431297709923665
  },
  "buy": null
}