{
  "sell": {
    "region": {
      "x_min_ratio": 0.384297520661157,
      "y_min_ratio": 0.21946564885496184,
      "x_max_ratio": 0.6875,
      "y_max_ratio": 0.6402671755725191
    },
    "quantity_column": {
      "x_min_ratio": 0.14310051107325383,
      "x_max_ratio": 0.42759795570698467
    },
    "price_column": {
      "x_min_ratio": 0.4293015332197615,
      "x_max_ratio": 0.7189097103918228
    }
  },
  "buy": {
    "region": {
      "x_min_ratio": 0.38739669421487605,
      "y_min_ratio": 0.4312977099236641,
      "x_max_ratio": 0.6900826446280992,
      "y_max_ratio": 0.6412213740458015
    },
    "quantity_column": {
      "x_min_ratio": 0.12627986348122866,
      "x_max_ratio": 0.4249146757679181
    },
    "price_column": {
      "x_min_ratio": 0.4300341296928328,
      "x_max_ratio": 0.7064846416382252
    }
  }
}