{
  "sell": {
    "region": {
      "x_min_ratio": 0.384297520661157,
      "y_min_ratio": 0.21946564885496184,
      "x_max_ratio": 0.6875,
      "y_max_ratio": 0.6402671755725191
    },
    "quantity_column": {
      "x_min_ratio": 0.14310051107325383,
      "x_max_ratio": 0.42759795570698467
    },
    "price_column": {
      "x_min_ratio": 0.4293015332197615,
      "x_max_ratio": 0.7189097103918228
    }
  },
  "buy": null
}