{
  "sell": {
    "x_min_ratio": 0.3837809917355372,
    "y_min_ratio": 0.21755725190839695,
    "x_max_ratio": 0.6900826446280992,
    "y_max_ratio": 0.6412213740458015
  },
  "buy": null
}